"col_1","col_2","col_3","col_4","col_5","col_6","col_7","col_8","col_9","col_10","col_11","col_12","col_13","col_14","col_15","col_16","col_17","col_18","col_19","col_20","col_21","col_22","col_23","col_24","col_25","col_26","col_27","col_28","col_29","col_30","col_31","col_32","col_33","col_34","col_35"
"","","","","","","","","","","","","","","","","","","","","","","","","","","","","","","","","","",""
"","DROP 1","","","","","","","","","","","","","","","","","BLANKS 1","System.Xml.XmlElement","M","L","XL","UNIDADES","EXTRA","System.Xml.XmlElement","TOTAL","","INGRESOS FINALES","PRECIO","M","L","XL","UNIDADES","TOTAL"
"","","","","","","","","","","","","","","","","","","Blanco","16.989999999999998","7","9","2","18","0","16.989999999999998","305.82","","Blanco","35","6","8","2","16","560"
"","","","","","","","","","","","","","","","","","","Negro","17.989999999999998","6","8","1","15","0","17.989999999999998","269.84999999999997","","Negro","35","5","7","1","13","455"
"","","PPTO","REAL","","","","","","","","","","","","","","","","","","","","0","0","0","0","","0","0","0","0","0","0","0"
"","INGRESOS","1015","0","","","","","","","","","","","","","","","","","","","","0","0","0","0","","0","0","0","0","0","0","0"
"","Otros ingresos","0","","","","","","","","","","","","","","","","","","","","","0","0","0","0","","","","0","0","0","0","0"
"","TOTAL INGRESOS","1015","0","","","","","","","","","","","","","","","","","","","","0","0","0","0","","","","0","0","0","0","0"
"","Gasto Blanks 1","-575.66999999999996","-575.66999999999996","","","","","","","","","","","","","","","TOTAL","","","","","33","","","575.66999999999996","","INGRESOS TOTALES FINALES","","","","","29","1015"
"","Gasto Serigrafia","-174.24","-174.24","","","","","","","","","","","","","","","Envio","","","","","","","","","","","","","","","",""
"","Otros gastos","-74.2547","-31.152000000000001","","","","","","","","","","","","","","","Otros gastos","","","","","","","","","","","","","","","",""
"","","","","","","","","","","","","","","","","","","TOTAL EXTRAS","","","","","","","","0","","","","","","","",""
"","","","","","","","","","","","","","","","","","","BLANKS TOTAL","","","","","","","","575.66999999999996","","","","","","","",""
"","TOTAL GASTOS","-824.16469999999993","-781.06200000000001","","","","","","","","","","","","","","","","","","","","","","","0","","","","","","","",""
"","","","","","","","","","","","","","","","","","","BLANKS 2","System.Xml.XmlElement","M","L","XL","UNIDADES","EXTRA","System.Xml.XmlElement","TOTAL","","","","","","","",""
"","","","","","","","","","","","","","","","","","","","","","","","0","0","0","0","","","","","","","",""
"","BENEFICIO","190.83530000000007","-781.06200000000001","","","","","","","","","","","","","","","","","","","","0","0","0","0","","","","","","","",""
"","","","","","","","","","","","","","","","","","","","","","","","0","0","0","0","","","","","","","",""
"","RATIO DE BLANKS","0.56716256157635458","-","","","","","","","","","","","","","","","","","","","","0","0","0","0","","","","","","","",""
"","RATIO DE SERIGRAFIA","0.17166502463054187","-","","","","","","","","","","","","","","","","","","","","0","0","0","0","","","","","","","",""
"","RATIO DE OTROS GASTOS","7.3157339901477839E-2","-","","","","","","","","","","","","","","","","","","","","0","0","0","0","","","","","","","",""
"","COR%","0.81198492610837436","-","","","","","","","","","","","","","","","TOTAL","","","","","0","","","0","","","","","","","",""
"","","0","#VALUE!","","","","","","","","","","","","","","","Envio","","","","","","","","","","","","","","","",""
"","","","","","","","","","","","","","","","","","","Otros gastos","","","","","","","","","","","","","","","",""
"","","Blanco","","","Negro","","","0","","","0","","","","","","","TOTAL EXTRAS","","","","","","","","0","","","","","","","",""
"","","M","L","XL","M","L","XL","M","L","XL","M","L","XL","TOTAL","","","","BLANKS TOTAL","","","","","","","","0","","","","","","","",""
"","SOLD","0","0","0","0","0","0","0","0","0","0","0","0","0","0","","","","","","","","","","0","","","","","","","","",""
"","STOCK","6","8","2","5","7","1","0","0","0","0","0","0","29","","","","COSTE TOTAL BLANKS","","","","","","","575.66999999999996","","","","","","","","",""
"","NOMBRE","","","","","","","","","","","","","UNIDADES","INGRESO","FECHA","","","","","","","","","","","","","","","","","",""
"1","","","","","","","","","","","","","","0","0","","","SERIGRAFIA","System.Xml.XmlElement","UNIDADES","IVA","System.Xml.XmlElement","TOTAL","","","","","","","","","","",""
"2","","","","","","","","","","","","","","0","0","","","Blanco","3","18","0.63","3.63","65.34","","","","","","","","","","",""
"3","","","","","","","","","","","","","","0","0","","","Negro","6","15","1.26","7.26","108.89999999999999","","","","","","","","","","",""
"4","","","","","","","","","","","","","","0","0","","","0","","0","-","-","-","","","","","","","","","","",""
"5","","","","","","","","","","","","","","0","0","","","0","","0","-","-","-","","","","","","","","","","",""
"6","","","","","","","","","","","","","","0","0","","","","","","-","-","-","","","","","","","","","","",""
"7","","","","","","","","","","","","","","0","0","","","","","","-","-","-","","","","","","","","","","",""
"8","","","","","","","","","","","","","","0","0","","","SERIGRAFIA TOTAL","","33","","","174.24","","","","","","","","","","",""
"9","","","","","","","","","","","","","","0","0","","","","","","","","","","","","","","","","","","",""
"10","","","","","","","","","","","","","","0","0","","","INGRESOS","PRECIO","M","L","XL","UNIDADES","TOTAL","","","","","","","","","",""
"11","","","","","","","","","","","","","","0","0","","","Blanco","35","7","9","2","18","630","","","","","","","","","",""
"12","","","","","","","","","","","","","","0","0","","","Negro","35","6","8","1","15","525","","","","","","","","","",""
"13","","","","","","","","","","","","","","0","0","","","0","0","0","0","0","0","0","","","","","","","","","",""
"14","","","","","","","","","","","","","","0","0","","","0","0","0","0","0","0","0","","","","","","","","","",""
"15","","","","","","","","","","","","","","0","0","","","","","0","0","0","0","0","","","","","","","","","",""
"16","","","","","","","","","","","","","","0","0","","","","","0","0","0","0","0","","","","","","","","","",""
"17","","","","","","","","","","","","","","0","0","","","INGRESOS TOTALES","","","","","33","1155","","","","","","","","","",""
"18","","","","","","","","","","","","","","0","0","","","","","","","","","","","","","","","","","","",""
"19","","","","","","","","","","","","","","0","0","","","GON JACO","COSTE","M","L","XL","UNIDADES","TOTAL","","","","","","","","","",""
"20","","","","","","","","","","","","","","0","0","","","Blanco","-21.563999999999997","1","1","","2","-43.127999999999993","","","","","","","","","",""
"21","","","","","","","","","","","","","","0","0","","","Negro","-26.193999999999999","1","1","","2","-52.387999999999998","","","","","","","","","",""
"22","","","","","","","","","","","","","","0","0","","","0","0","","","","0","0","","","","","","","","","",""
"23","","","","","","","","","","","","","","0","0","","","0","0","","","","0","0","","","","","","","","","",""
"24","","","","","","","","","","","","","","0","0","","","","","","","","0","0","","","","","","","","","",""
"25","","","","","","","","","","","","","","0","0","","","","","","","","0","0","","","","","","","","","",""
"26","","","","","","","","","","","","","","0","0","","","COSTE TOTAL","","","","","4","-95.515999999999991","","","","","","","","","",""
"27","","","","","","","","","","","","","","0","0","","","","","","","","","","","","","","","","","","",""
"28","","","","","","","","","","","","","","0","0","","","COSTE POR UND","BLANKS","SERIGRAFIA","EXTRA","TOTAL","","","","","","","","","","","",""
"29","","","","","","","","","","","","","","0","0","","","Blanco","16.989999999999998","3.63","2.4302999999999999","23.050299999999996","","","","","","","","","","","",""
"30","","","","","","","","","","","","","","0","0","","","Negro","17.989999999999998","7.26","2.4302999999999999","27.680299999999999","","","","","","","","","","","",""
"31","","","","","","","","","","","","","","0","0","","","0","0","-","","0","","","","","","","","","","","",""
"32","","","","","","","","","","","","","","0","0","","","0","0","-","","0","","","","","","","","","","","",""
"33","","","","","","","","","","","","","","0","0","","","","","","","0","","","","","","","","","","","",""
"34","","","","","","","","","","","","","","0","0","","","","","","","0","","","","","","","","","","","",""
"35","","","","","","","","","","","","","","0","0","","","","","","","","","","","","","","","","","","",""
"","","","","","","","","","","","","","","","","","","BENEFICIO POR UND","PRECIO","COSTE","BENEFICIO","MARGEN","","","","","","","","","","","",""
"1","0","","0","0","0","DROP 1","","","","","","","","","","","","Blanco","35","-23.050299999999996","11.949700000000004","0.34142000000000011","","","","","","","","","","","",""
"2","0","","0","0","0","DROP 1","","","","","","","","","","","","Negro","35","-27.680299999999999","7.319700000000001","0.20913428571428574","","","","","","","","","","","",""
"3","0","","0","0","0","DROP 1","","","","","","","","","","","","0","","0","0","#DIV/0!","","","","","","","","","","","",""
"4","0","","0","0","0","DROP 1","","","","","","","","","","","","0","","0","0","#DIV/0!","","","","","","","","","","","",""
"5","0","","0","0","0","DROP 1","","","","","","","","","","","","","","","","","","","","","","","","","","","",""
"6","0","","0","0","0","DROP 1","","","","","","","","","","","","","","","","","","","","","","","","","","","",""
"7","0","","0","0","0","DROP 1","","","","","","","","","","","","","","","","","","","","","","","","","","","",""
"8","0","","0","0","0","DROP 1","","","","","","","","","","","","","","","","","","","","","","","","","","","",""
"9","0","","0","0","0","DROP 1","","","","","","","","","","","","","","","","","","","","","","","","","","","",""
"10","0","","0","0","0","DROP 1","","","","","","","","","","","","","","","","","","","","","","","","","","","",""
"11","0","","0","0","0","DROP 1","","","","","","","","","","","","","","","","","","","","","","","","","","","",""
"12","0","","0","0","0","DROP 1","","","","","","","","","","","","","","","","","","","","","","","","","","","",""
"13","0","","0","0","0","DROP 1","","","","","","","","","","","","","","","","","","","","","","","","","","","",""
"14","0","","0","0","0","DROP 1","","","","","","","","","","","","","","","","","","","","","","","","","","","",""
"15","0","","0","0","0","DROP 1","","","","","","","","","","","","","","","","","","","","","","","","","","","",""
"16","0","","0","0","0","DROP 1","","","","","","","","","","","","","","","","","","","","","","","","","","","",""
"17","0","","0","0","0","DROP 1","","","","","","","","","","","","","","","","","","","","","","","","","","","",""
"18","0","","0","0","0","DROP 1","","","","","","","","","","","","","","","","","","","","","","","","","","","",""
"19","0","","0","0","0","DROP 1","","","","","","","","","","","","","","","","","","","","","","","","","","","",""
"20","0","","0","0","0","DROP 1","","","","","","","","","","","","","","","","","","","","","","","","","","","",""
"21","0","","0","0","0","DROP 1","","","","","","","","","","","","","","","","","","","","","","","","","","","",""
"22","0","","0","0","0","DROP 1","","","","","","","","","","","","","","","","","","","","","","","","","","","",""
"23","0","","0","0","0","DROP 1","","","","","","","","","","","","","","","","","","","","","","","","","","","",""
"24","0","","0","0","0","DROP 1","","","","","","","","","","","","","","","","","","","","","","","","","","","",""
"25","0","","0","0","0","DROP 1","","","","","","","","","","","","","","","","","","","","","","","","","","","",""
"26","0","","0","0","0","DROP 1","","","","","","","","","","","","","","","","","","","","","","","","","","","",""
"27","0","","0","0","0","DROP 1","","","","","","","","","","","","","","","","","","","","","","","","","","","",""
"28","0","","0","0","0","DROP 1","","","","","","","","","","","","","","","","","","","","","","","","","","","",""
"29","0","","0","0","0","DROP 1","","","","","","","","","","","","","","","","","","","","","","","","","","","",""
"30","0","","0","0","0","DROP 1","","","","","","","","","","","","","","","","","","","","","","","","","","","",""
"31","0","","0","0","0","DROP 1","","","","","","","","","","","","","","","","","","","","","","","","","","","",""
"32","0","","0","0","0","DROP 1","","","","","","","","","","","","","","","","","","","","","","","","","","","",""
"33","0","","0","0","0","DROP 1","","","","","","","","","","","","","","","","","","","","","","","","","","","",""
"34","0","","0","0","0","DROP 1","","","","","","","","","","","","","","","","","","","","","","","","","","","",""
"35","0","","0","0","0","DROP 1","","","","","","","","","","","","","","","","","","","","","","","","","","","",""
